word,colour,stim_condition,correct_res,thisN,thisTrialN,thisRepN,key_resp.keys,key_resp.corr,key_resp.rt,key_resp.duration,trials.thisRepN,trials.thisTrialN,trials.thisN,trials.thisIndex,thisRow.t,notes,ins.started,text_2.started,text_2.stopped,ins.stopped,trial.started,fixation.started,fixation.stopped,text.started,key_resp.started,trial.stopped,trials.key_resp.keys,trials.key_resp.corr,trials.key_resp.rt,trials.key_resp.duration,thanks.started,text_3.started,thanks.stopped,participant,session,date,expName,expVersion,psychopyVersion,frameRate,expStart,
,,,,,,,,,,,,,,,,,0.004818290995899588,0.00796779099619016,1.0338581659889314,0.9976122080115601,,,,,,,,,,,,,,55,001,2025-08-24_16h20.08.822,stroop task practice 2,,2025.1.1,None,2025-08-24 16h20.16.232448 +0530,
BLUE,red,I,r,0,0,0,r,1,1.2575345000077505,None,0,0,0,2,1.0338581659889314,,,,,,1.0222336660081055,1.0338581659889314,1.4972472499939613,1.4972472499939613,1.4972472499939613,2.9632913329987787,r,1,1.2575345000077505,None,,,,55,001,2025-08-24_16h20.08.822,stroop task practice 2,,2025.1.1,None,2025-08-24 16h20.16.232448 +0530,
BLUE,blue,C,b,1,1,0,b,1,0.3956004159990698,None,0,1,1,3,2.975436582986731,,,,,,2.9635659159976058,2.975436582986731,3.4527560000133235,3.4527560000133235,3.4527560000133235,3.852143458003411,b,1,0.3956004159990698,None,,,,55,001,2025-08-24_16h20.08.822,stroop task practice 2,,2025.1.1,None,2025-08-24 16h20.16.232448 +0530,
RED,blue,I,b,2,2,0,b,1,0.5624193330004346,None,0,2,2,1,3.8691778749926016,,,,,,3.860799791000318,3.8691778749926016,4.360334500001045,4.360334500001045,4.360334500001045,4.932568249991164,b,1,0.5624193330004346,None,,,,55,001,2025-08-24_16h20.08.822,stroop task practice 2,,2025.1.1,None,2025-08-24 16h20.16.232448 +0530,
RED,red,C,r,3,3,0,r,1,0.37123320798855275,None,0,3,3,0,4.942011832987191,,,,,,4.9337241660105065,4.942011832987191,5.430538665998029,5.430538665998029,5.430538665998029,5.8158865830046125,r,1,0.37123320798855275,None,,,,55,001,2025-08-24_16h20.08.822,stroop task practice 2,,2025.1.1,None,2025-08-24 16h20.16.232448 +0530,
RED,red,C,r,4,0,1,r,1,0.41286516599939205,None,1,0,4,0,5.825172874989221,,,,,,5.816868666006485,5.825172874989221,6.313910875003785,6.313910875003785,6.313910875003785,6.732224458013661,r,1,0.41286516599939205,None,,,,55,001,2025-08-24_16h20.08.822,stroop task practice 2,,2025.1.1,None,2025-08-24 16h20.16.232448 +0530,
RED,blue,I,b,5,1,1,b,1,0.6081272079900373,None,1,1,5,1,6.741634750011144,,,,,,6.733324041008018,6.741634750011144,7.230641458008904,7.230641458008904,7.230641458008904,7.8490730409976095,b,1,0.6081272079900373,None,,,,55,001,2025-08-24_16h20.08.822,stroop task practice 2,,2025.1.1,None,2025-08-24 16h20.16.232448 +0530,
BLUE,blue,C,b,6,2,1,b,1,0.4022814999916591,None,1,2,6,3,7.862038291001227,,,,,,7.853911874990445,7.862038291001227,8.347336290986277,8.347336290986277,8.347336290986277,8.752950875001261,b,1,0.4022814999916591,None,,,,55,001,2025-08-24_16h20.08.822,stroop task practice 2,,2025.1.1,None,2025-08-24 16h20.16.232448 +0530,
BLUE,red,I,r,7,3,1,r,1,0.323770458024228,None,1,3,7,2,8.763402250013314,,,,,,8.753853915986838,8.763402250013314,9.25290349998977,9.25290349998977,9.25290349998977,9.582461332989624,r,1,0.323770458024228,None,,,,55,001,2025-08-24_16h20.08.822,stroop task practice 2,,2025.1.1,None,2025-08-24 16h20.16.232448 +0530,
RED,red,C,r,8,0,2,r,1,0.388970166008221,None,2,0,8,0,9.595304707996547,,,,,,9.587126791011542,9.595304707996547,10.080610415985575,10.080610415985575,10.080610415985575,10.482453875010833,r,1,0.388970166008221,None,,,,55,001,2025-08-24_16h20.08.822,stroop task practice 2,,2025.1.1,None,2025-08-24 16h20.16.232448 +0530,
RED,blue,I,b,9,1,2,b,1,0.453891498997109,None,2,1,9,1,10.4919062909903,,,,,,10.483572583005298,10.4919062909903,10.980640708003193,10.980640708003193,10.980640708003193,11.449384040985024,b,1,0.453891498997109,None,,,,55,001,2025-08-24_16h20.08.822,stroop task practice 2,,2025.1.1,None,2025-08-24 16h20.16.232448 +0530,
BLUE,red,I,r,10,2,2,r,1,0.40945212499354966,None,2,2,10,2,11.462155582994455,,,,,,11.453972624993185,11.462155582994455,11.947274000005564,11.947274000005564,11.947274000005564,12.365858458011644,r,1,0.40945212499354966,None,,,,55,001,2025-08-24_16h20.08.822,stroop task practice 2,,2025.1.1,None,2025-08-24 16h20.16.232448 +0530,
BLUE,blue,C,b,11,3,2,b,1,0.32662441598949954,None,2,3,11,3,12.375003416003892,,,,,,12.366828375001205,12.375003416003892,12.864011666009901,12.864011666009901,12.864011666009901,13.198640249989694,b,1,0.32662441598949954,None,,,,55,001,2025-08-24_16h20.08.822,stroop task practice 2,,2025.1.1,None,2025-08-24 16h20.16.232448 +0530,
BLUE,red,I,r,12,0,3,r,1,0.39821087499149144,None,3,0,12,2,13.20786558301188,,,,,,13.199588582996512,13.20786558301188,13.697330041002715,13.697330041002715,13.697330041002715,14.099236040987307,r,1,0.39821087499149144,None,,,,55,001,2025-08-24_16h20.08.822,stroop task practice 2,,2025.1.1,None,2025-08-24 16h20.16.232448 +0530,
RED,blue,I,b,13,1,3,b,1,0.746250083000632,None,3,1,13,1,14.111704040988116,,,,,,14.103637374995742,14.111704040988116,14.597370665986091,14.597370665986091,14.597370665986091,15.349098750011763,b,1,0.746250083000632,None,,,,55,001,2025-08-24_16h20.08.822,stroop task practice 2,,2025.1.1,None,2025-08-24 16h20.16.232448 +0530,
BLUE,blue,C,b,14,2,3,b,1,0.32633999999961816,None,3,2,14,3,15.361777415993856,,,,,,15.353677415987477,15.361777415993856,15.84726966600283,15.84726966600283,15.84726966600283,16.182490875013173,b,1,0.32633999999961816,None,,,,55,001,2025-08-24_16h20.08.822,stroop task practice 2,,2025.1.1,None,2025-08-24 16h20.16.232448 +0530,
RED,red,C,r,15,3,3,r,1,0.4053725420089904,None,3,3,15,0,16.195315374992788,,,,,,16.187195707985666,16.195315374992788,16.680577374994755,16.680577374994755,16.680577374994755,17.0992096659902,r,1,0.4053725420089904,None,,,,55,001,2025-08-24_16h20.08.822,stroop task practice 2,,2025.1.1,None,2025-08-24 16h20.16.232448 +0530,
BLUE,blue,C,b,16,0,4,b,1,0.6132102910196409,None,4,0,16,3,17.111813833005726,,,,,,17.103727040986996,17.111813833005726,17.59726754098665,17.59726754098665,17.59726754098665,18.215616375004174,b,1,0.6132102910196409,None,,,,55,001,2025-08-24_16h20.08.822,stroop task practice 2,,2025.1.1,None,2025-08-24 16h20.16.232448 +0530,
RED,blue,I,b,17,1,4,b,1,0.40651849898858927,None,4,1,17,1,18.228303332987707,,,,,,18.2200772909855,18.228303332987707,18.71384729098645,18.71384729098645,18.71384729098645,19.132439707987942,b,1,0.40651849898858927,None,,,,55,001,2025-08-24_16h20.08.822,stroop task practice 2,,2025.1.1,None,2025-08-24 16h20.16.232448 +0530,
BLUE,red,I,r,18,2,4,r,1,0.39676362500176765,None,4,2,18,2,19.14513554100995,,,,,,19.136878457997227,19.14513554100995,19.630621290998533,19.630621290998533,19.630621290998533,20.033355791005306,r,1,0.39676362500176765,None,,,,55,001,2025-08-24_16h20.08.822,stroop task practice 2,,2025.1.1,None,2025-08-24 16h20.16.232448 +0530,
RED,red,C,r,19,3,4,r,1,0.3919107909896411,None,4,3,19,0,20.048942875000648,,,,,,20.038391040987335,20.048942875000648,20.5305922080006,20.5305922080006,20.5305922080006,20.932400582998525,r,1,0.3919107909896411,None,,,,55,001,2025-08-24_16h20.08.822,stroop task practice 2,,2025.1.1,None,2025-08-24 16h20.16.232448 +0530,
RED,blue,I,b,20,0,5,b,1,0.5207989159971476,None,5,0,20,1,20.94330524999532,,,,,,20.93357479100814,20.94330524999532,21.430608541006222,21.430608541006222,21.430608541006222,21.965919582988136,b,1,0.5207989159971476,None,,,,55,001,2025-08-24_16h20.08.822,stroop task practice 2,,2025.1.1,None,2025-08-24 16h20.16.232448 +0530,
BLUE,blue,C,b,21,1,5,b,1,0.5163989170105197,None,5,1,21,3,21.980469750007614,,,,,,21.971352082997328,21.980469750007614,22.463915041007567,22.463915041007567,22.463915041007567,22.982048166013556,b,1,0.5163989170105197,None,,,,55,001,2025-08-24_16h20.08.822,stroop task practice 2,,2025.1.1,None,2025-08-24 16h20.16.232448 +0530,
RED,red,C,r,22,2,5,r,1,0.4559120409830939,None,5,2,22,0,22.994931833003648,,,,,,22.98637308299658,22.994931833003648,23.48047358301119,23.48047358301119,23.48047358301119,23.949210999999195,r,1,0.4559120409830939,None,,,,55,001,2025-08-24_16h20.08.822,stroop task practice 2,,2025.1.1,None,2025-08-24 16h20.16.232448 +0530,
BLUE,red,I,r,23,3,5,r,1,0.4340511250193231,None,5,3,23,2,23.962078332988312,,,,,,23.953646040987223,23.962078332988312,24.447278000006918,24.447278000006918,24.447278000006918,24.885482000012416,r,1,0.4340511250193231,None,,,,55,001,2025-08-24_16h20.08.822,stroop task practice 2,,2025.1.1,None,2025-08-24 16h20.16.232448 +0530,
BLUE,blue,C,b,24,0,6,b,1,0.367230958014261,None,6,0,24,3,24.89677829100401,,,,,,24.88634208298754,24.89677829100401,25.386056040995754,25.386056040995754,25.386056040995754,25.765597082994645,b,1,0.367230958014261,None,,,,55,001,2025-08-24_16h20.08.822,stroop task practice 2,,2025.1.1,None,2025-08-24 16h20.16.232448 +0530,
RED,blue,I,b,25,1,6,b,1,0.3124814580078237,None,6,1,25,1,25.778422458010027,,,,,,25.769884582987288,25.778422458010027,26.26390324998647,26.26390324998647,26.26390324998647,26.582293999992544,b,1,0.3124814580078237,None,,,,55,001,2025-08-24_16h20.08.822,stroop task practice 2,,2025.1.1,None,2025-08-24 16h20.16.232448 +0530,
RED,red,C,r,26,2,6,r,1,0.49869795801350847,None,6,2,26,0,26.59188799999538,,,,,,26.58327604099759,26.59188799999538,27.08057987500797,27.08057987500797,27.08057987500797,27.582174999988638,r,1,0.49869795801350847,None,,,,55,001,2025-08-24_16h20.08.822,stroop task practice 2,,2025.1.1,None,2025-08-24 16h20.16.232448 +0530,
BLUE,red,I,r,27,3,6,r,1,0.4977707499929238,None,6,3,27,2,27.59511116601061,,,,,,27.586689457995817,27.59511116601061,28.08050029099104,28.08050029099104,28.08050029099104,28.582391125004506,r,1,0.4977707499929238,None,,,,55,001,2025-08-24_16h20.08.822,stroop task practice 2,,2025.1.1,None,2025-08-24 16h20.16.232448 +0530,
BLUE,red,I,r,28,0,7,r,1,0.44478754099691287,None,7,0,28,2,28.592261374986265,,,,,,28.58359495800687,28.592261374986265,29.080536166002275,29.080536166002275,29.080536166002275,29.532365541002946,r,1,0.44478754099691287,None,,,,55,001,2025-08-24_16h20.08.822,stroop task practice 2,,2025.1.1,None,2025-08-24 16h20.16.232448 +0530,
RED,blue,I,b,29,1,7,b,1,0.34371529100462794,None,7,1,29,1,29.545741250010906,,,,,,29.53727825000533,29.545741250010906,30.030552415992133,30.030552415992133,30.030552415992133,30.381936457997654,b,1,0.34371529100462794,None,,,,55,001,2025-08-24_16h20.08.822,stroop task practice 2,,2025.1.1,None,2025-08-24 16h20.16.232448 +0530,
BLUE,blue,C,b,30,2,7,b,1,0.32575449999421835,None,7,2,30,3,30.394818375003524,,,,,,30.386219083011383,30.394818375003524,30.88053216598928,30.88053216598928,30.88053216598928,31.215685208007926,b,1,0.32575449999421835,None,,,,55,001,2025-08-24_16h20.08.822,stroop task practice 2,,2025.1.1,None,2025-08-24 16h20.16.232448 +0530,
RED,red,C,r,31,3,7,r,1,0.43333470801007934,None,7,3,31,0,31.228577041008975,,,,,,31.220112582988804,31.228577041008975,31.713838666008087,31.713838666008087,31.713838666008087,32.1490360829921,r,1,0.43333470801007934,None,,,,55,001,2025-08-24_16h20.08.822,stroop task practice 2,,2025.1.1,None,2025-08-24 16h20.16.232448 +0530,
BLUE,red,I,r,32,0,8,r,1,0.7209757080127019,None,8,0,32,2,32.16200858299271,,,,,,32.15353187499568,32.16200858299271,32.64721408300102,32.64721408300102,32.64721408300102,33.382122874987544,r,1,0.7209757080127019,None,,,,55,001,2025-08-24_16h20.08.822,stroop task practice 2,,2025.1.1,None,2025-08-24 16h20.16.232448 +0530,
BLUE,blue,C,b,33,1,8,b,1,0.2846969999955036,None,8,1,33,3,33.3919227909937,,,,,,33.3831779579923,33.3919227909937,33.88043175000348,33.88043175000348,33.88043175000348,34.16879437500029,b,1,0.2846969999955036,None,,,,55,001,2025-08-24_16h20.08.822,stroop task practice 2,,2025.1.1,None,2025-08-24 16h20.16.232448 +0530,
RED,blue,I,b,34,2,8,b,1,0.34059999900637195,None,8,2,34,1,34.19744824999361,,,,,,34.17340270799468,34.19744824999361,34.66948341598618,34.66948341598618,34.66948341598618,35.01544200000353,b,1,0.34059999900637195,None,,,,55,001,2025-08-24_16h20.08.822,stroop task practice 2,,2025.1.1,None,2025-08-24 16h20.16.232448 +0530,
RED,red,C,r,35,3,8,r,1,0.36234799900557846,None,8,3,35,0,35.02509620800265,,,,,,35.01659091599868,35.02509620800265,35.51381850001053,35.51381850001053,35.51381850001053,35.88233241598937,r,1,0.36234799900557846,None,,,,55,001,2025-08-24_16h20.08.822,stroop task practice 2,,2025.1.1,None,2025-08-24 16h20.16.232448 +0530,
RED,blue,I,b,36,0,9,b,1,0.49059425000450574,None,9,0,36,1,35.892325458000414,,,,,,35.88349054098944,35.892325458000414,36.38052104099188,36.38052104099188,36.38052104099188,36.88238958301372,b,1,0.49059425000450574,None,,,,55,001,2025-08-24_16h20.08.822,stroop task practice 2,,2025.1.1,None,2025-08-24 16h20.16.232448 +0530,
BLUE,red,I,r,37,1,9,r,1,0.34856054102419876,None,9,1,37,2,36.895182165986625,,,,,,36.886837458005175,36.895182165986625,37.380438583000796,37.380438583000796,37.380438583000796,37.732085916009964,r,1,0.34856054102419876,None,,,,55,001,2025-08-24_16h20.08.822,stroop task practice 2,,2025.1.1,None,2025-08-24 16h20.16.232448 +0530,
BLUE,blue,C,b,38,2,9,b,1,0.4295781239925418,None,9,2,38,3,37.74208891601302,,,,,,37.73322358299629,37.74208891601302,38.23039937499561,38.23039937499561,38.23039937499561,38.66555375000462,b,1,0.4295781239925418,None,,,,55,001,2025-08-24_16h20.08.822,stroop task practice 2,,2025.1.1,None,2025-08-24 16h20.16.232448 +0530,
RED,red,C,r,39,3,9,r,1,0.3802908330108039,None,9,3,39,0,38.67851908301236,,,,,,38.670383832999505,38.67851908301236,39.163804207986686,39.163804207986686,39.163804207986686,39.548773165995954,r,1,0.3802908330108039,None,,,,55,001,2025-08-24_16h20.08.822,stroop task practice 2,,2025.1.1,None,2025-08-24 16h20.16.232448 +0530,
,,,,,,,,,,,,,,,,,,,,,,,,,,,,,,,39.60923900001217,39.612404874991626,40.55061350000324,55,001,2025-08-24_16h20.08.822,stroop task practice 2,,2025.1.1,None,2025-08-24 16h20.16.232448 +0530,
